{"stats":{"minecraft:custom":{"minecraft:time_since_rest":95,"minecraft:sprint_one_cm":137093,"minecraft:damage_taken":3137,"minecraft:walk_one_cm":39794,"minecraft:mob_kills":5,"minecraft:drop":1,"minecraft:damage_dealt":1381,"minecraft:traded_with_villager":3,"minecraft:talked_to_villager":2,"minecraft:swim_one_cm":41776,"minecraft:interact_with_crafting_table":3,"minecraft:fly_one_cm":298866,"minecraft:raid_win":1,"minecraft:open_barrel":1,"minecraft:open_chest":16,"minecraft:crouch_one_cm":2887,"minecraft:play_time":39234,"minecraft:deaths":5,"minecraft:sneak_time":1127,"minecraft:walk_under_water_one_cm":5357,"minecraft:sleep_in_bed":2,"minecraft:jump":1333,"minecraft:eat_cake_slice":4,"minecraft:interact_with_blast_furnace":1,"minecraft:leave_game":4,"minecraft:walk_on_water_one_cm":6737,"minecraft:time_since_death":3328,"minecraft:climb_one_cm":21721,"minecraft:total_world_time":39234,"minecraft:fall_one_cm":57589},"minecraft:killed_by":{"minecraft:player":1,"minecraft:drowned":1,"minecraft:skeleton":1,"minecraft:pillager":1},"minecraft:mined":{"minecraft:carrots":8,"minecraft:fire":1,"minecraft:wheat":9,"minecraft:powder_snow":19,"minecraft:grass":97,"minecraft:potatoes":1,"minecraft:oak_log":1,"minecraft:beetroots":2,"minecraft:tall_grass":60,"minecraft:cyan_bed":4,"minecraft:oak_planks":1,"minecraft:cake":1},"minecraft:picked_up":{"minecraft:wheat":7,"minecraft:potato":4,"minecraft:oak_log":1,"minecraft:carrot":19,"minecraft:cyan_bed":3,"minecraft:bone":2,"minecraft:beetroot":1,"minecraft:apple":29,"minecraft:beetroot_seeds":4,"minecraft:wheat_seeds":37,"minecraft:iron_helmet":1,"minecraft:iron_ingot":11,"minecraft:cooked_chicken":2,"minecraft:dark_oak_sign":1,"minecraft:rose_bush":1,"minecraft:gold_ingot":1,"minecraft:iron_sword":1},"minecraft:used":{"minecraft:cooked_mutton":1,"minecraft:apple":5,"minecraft:cyan_bed":3,"minecraft:bread":2,"minecraft:dark_oak_sign":1,"minecraft:iron_helmet":1,"minecraft:iron_sword":124,"minecraft:cooked_chicken":1,"minecraft:crafting_table":1,"minecraft:carrot":5,"minecraft:cooked_beef":1,"minecraft:obsidian":10},"minecraft:crafted":{"minecraft:oak_planks":4,"minecraft:iron_boots":1,"minecraft:iron_chestplate":1,"minecraft:crafting_table":1,"minecraft:iron_sword":1,"minecraft:air":0,"minecraft:bread":18},"minecraft:dropped":{"minecraft:rose_bush":1},"minecraft:killed":{"minecraft:pillager":3,"endofherobrine:pigman":1,"minecraft:villager":1}},"DataVersion":3465}