{"stats":{"minecraft:picked_up":{"minecraft:wheat":1,"minecraft:bone":2,"minecraft:wheat_seeds":1,"minecraft:iron_helmet":1,"minecraft:dark_oak_sign":1,"minecraft:cooked_chicken":2,"minecraft:rose_bush":1,"minecraft:gold_ingot":1,"minecraft:cyan_bed":1},"minecraft:mined":{"minecraft:grass":29,"minecraft:tall_grass":25,"minecraft:cyan_bed":1,"minecraft:cake":1},"minecraft:killed_by":{"minecraft:skeleton":1,"minecraft:drowned":1},"minecraft:used":{"minecraft:cooked_mutton":1,"minecraft:apple":3,"minecraft:dark_oak_sign":1,"minecraft:iron_helmet":1,"minecraft:bread":1,"minecraft:cooked_beef":1,"minecraft:obsidian":4,"minecraft:cooked_chicken":1},"minecraft:dropped":{"minecraft:rose_bush":1},"minecraft:custom":{"minecraft:open_barrel":1,"minecraft:open_chest":16,"minecraft:time_since_rest":487,"minecraft:crouch_one_cm":1699,"minecraft:play_time":19336,"minecraft:sprint_one_cm":79307,"minecraft:damage_taken":820,"minecraft:walk_one_cm":25327,"minecraft:deaths":2,"minecraft:sneak_time":688,"minecraft:walk_under_water_one_cm":5357,"minecraft:drop":1,"minecraft:jump":570,"minecraft:eat_cake_slice":4,"minecraft:damage_dealt":19,"minecraft:interact_with_blast_furnace":1,"minecraft:leave_game":2,"minecraft:time_since_death":226,"minecraft:walk_on_water_one_cm":6502,"minecraft:total_world_time":19336,"minecraft:climb_one_cm":3570,"minecraft:swim_one_cm":41776,"minecraft:fall_one_cm":17749,"minecraft:fly_one_cm":138519}},"DataVersion":3465}