{"stats":{"minecraft:custom":{"minecraft:mob_kills":10,"minecraft:traded_with_villager":1,"minecraft:interact_with_crafting_table":4,"minecraft:open_barrel":14,"minecraft:bell_ring":11,"minecraft:leave_game":2,"minecraft:time_since_death":1568,"minecraft:climb_one_cm":12544,"minecraft:time_since_rest":1604,"minecraft:sprint_one_cm":148020,"minecraft:damage_taken":2849,"minecraft:walk_one_cm":65891,"minecraft:drop":13,"minecraft:damage_dealt":2608,"minecraft:swim_one_cm":36976,"minecraft:talked_to_villager":5,"minecraft:fly_one_cm":234454,"minecraft:raid_win":1,"minecraft:open_chest":21,"minecraft:crouch_one_cm":6423,"minecraft:play_time":43567,"minecraft:deaths":8,"minecraft:sneak_time":1264,"minecraft:walk_under_water_one_cm":15685,"minecraft:jump":1134,"minecraft:interact_with_brewingstand":1,"minecraft:walk_on_water_one_cm":12763,"minecraft:total_world_time":43567,"minecraft:fall_one_cm":36913},"minecraft:killed_by":{"minecraft:player":3,"minecraft:skeleton":2,"minecraft:ravager":1},"minecraft:mined":{"minecraft:white_bed":1,"minecraft:grass_block":5,"minecraft:tall_grass":16,"minecraft:cobblestone":2,"minecraft:iron_door":1,"minecraft:spawner":1,"minecraft:spruce_stairs":1,"minecraft:tall_seagrass":1,"minecraft:light_gray_stained_glass":2,"minecraft:wheat":3,"minecraft:grass":16,"minecraft:oak_log":5,"minecraft:dirt":1,"minecraft:cake":1,"minecraft:oak_leaves":2,"minecraft:tripwire":2},"minecraft:picked_up":{"minecraft:wheat":2,"minecraft:iron_door":1,"minecraft:salmon":1,"minecraft:chiseled_quartz_block":2,"minecraft:oak_log":5,"minecraft:gray_concrete":5,"minecraft:string":4,"minecraft:white_banner":1,"minecraft:item_frame":2,"minecraft:bone":13,"minecraft:wheat_seeds":8,"minecraft:iron_ingot":11,"minecraft:calcite":2,"minecraft:dandelion":1,"minecraft:spruce_stairs":1,"minecraft:sandstone_wall":3,"minecraft:white_bed":1,"minecraft:arrow":8,"minecraft:iron_helmet":2,"minecraft:golden_apple":1,"minecraft:cobblestone":2,"minecraft:oxeye_daisy":3},"minecraft:used":{"minecraft:iron_shovel":6,"minecraft:iron_sword":57,"minecraft:crafting_table":1,"minecraft:spruce_stairs":1,"minecraft:apple":2,"minecraft:iron_axe":10,"minecraft:iron_pickaxe":4,"minecraft:iron_helmet":1,"minecraft:iron_boots":1,"minecraft:cobblestone":2,"minecraft:pumpkin_pie":3,"minecraft:cooked_beef":5},"minecraft:crafted":{"minecraft:oak_planks":20,"minecraft:crafting_table":1,"minecraft:iron_sword":1,"minecraft:air":0,"minecraft:iron_boots":1,"minecraft:shield":1,"minecraft:iron_axe":1,"minecraft:stick":12,"minecraft:iron_pickaxe":1},"minecraft:dropped":{"minecraft:wheat_seeds":2,"minecraft:wheat":1,"minecraft:iron_helmet":1,"minecraft:item_frame":2,"minecraft:stick":1,"minecraft:oxeye_daisy":3,"minecraft:calcite":2,"minecraft:dandelion":1},"minecraft:killed":{"minecraft:salmon":1,"minecraft:vindicator":2,"minecraft:skeleton":1,"minecraft:pillager":4,"minecraft:zombie":1,"minecraft:villager":1}},"DataVersion":3465}