{"stats":{"minecraft:picked_up":{"minecraft:salmon":1,"minecraft:dandelion":1,"minecraft:spruce_stairs":1,"minecraft:item_frame":2,"minecraft:bone":11,"minecraft:arrow":7,"minecraft:iron_helmet":2,"minecraft:calcite":2,"minecraft:golden_apple":1,"minecraft:oxeye_daisy":3},"minecraft:killed":{"minecraft:zombie":1,"minecraft:salmon":1},"minecraft:crafted":{"minecraft:iron_boots":1,"minecraft:air":0},"minecraft:mined":{"minecraft:spruce_stairs":1,"minecraft:tall_seagrass":1,"minecraft:light_gray_stained_glass":2,"minecraft:wheat":3,"minecraft:grass":1,"minecraft:tall_grass":2,"minecraft:cake":1},"minecraft:killed_by":{"minecraft:player":1,"minecraft:skeleton":1},"minecraft:used":{"minecraft:apple":1,"minecraft:iron_shovel":5,"minecraft:iron_helmet":1,"minecraft:iron_boots":1,"minecraft:spruce_stairs":1,"minecraft:pumpkin_pie":3,"minecraft:cooked_beef":3},"minecraft:custom":{"minecraft:time_since_rest":2752,"minecraft:sprint_one_cm":95210,"minecraft:damage_taken":1450,"minecraft:walk_one_cm":43041,"minecraft:mob_kills":2,"minecraft:drop":9,"minecraft:damage_dealt":559,"minecraft:traded_with_villager":1,"minecraft:swim_one_cm":19792,"minecraft:talked_to_villager":3,"minecraft:fly_one_cm":118331,"minecraft:open_barrel":14,"minecraft:open_chest":15,"minecraft:crouch_one_cm":2125,"minecraft:play_time":23846,"minecraft:deaths":4,"minecraft:sneak_time":509,"minecraft:walk_under_water_one_cm":9280,"minecraft:jump":578,"minecraft:interact_with_brewingstand":1,"minecraft:leave_game":1,"minecraft:time_since_death":2709,"minecraft:walk_on_water_one_cm":9595,"minecraft:climb_one_cm":2998,"minecraft:total_world_time":23846,"minecraft:fall_one_cm":20734},"minecraft:dropped":{"minecraft:oxeye_daisy":2,"minecraft:iron_helmet":1,"minecraft:calcite":2,"minecraft:dandelion":1,"minecraft:item_frame":2,"minecraft:stick":1}},"DataVersion":3465}