{"stats":{"minecraft:custom":{"minecraft:mob_kills":65,"minecraft:traded_with_villager":1,"minecraft:interact_with_crafting_table":11,"minecraft:tune_noteblock":1,"minecraft:open_barrel":19,"minecraft:raid_trigger":1,"minecraft:bell_ring":14,"minecraft:damage_dealt_resisted":144,"minecraft:eat_cake_slice":1,"minecraft:leave_game":6,"minecraft:time_since_death":909,"minecraft:damage_resisted":10,"minecraft:climb_one_cm":23768,"minecraft:sleep_in_bed":2,"minecraft:time_since_rest":940,"minecraft:sprint_one_cm":201708,"minecraft:damage_taken":4405,"minecraft:walk_one_cm":432392,"minecraft:damage_blocked_by_shield":60,"minecraft:drop":34,"minecraft:damage_dealt":15718,"minecraft:target_hit":1,"minecraft:player_kills":4,"minecraft:swim_one_cm":49686,"minecraft:talked_to_villager":5,"minecraft:fly_one_cm":482368,"minecraft:raid_win":1,"minecraft:open_chest":55,"minecraft:crouch_one_cm":8991,"minecraft:play_time":146336,"minecraft:deaths":7,"minecraft:sneak_time":5739,"minecraft:walk_under_water_one_cm":21636,"minecraft:jump":2033,"minecraft:walk_on_water_one_cm":23383,"minecraft:total_world_time":146336,"minecraft:fall_one_cm":66466},"minecraft:killed_by":{"minecraft:skeleton":3,"minecraft:zombie":1},"minecraft:mined":{"minecraft:waxed_cut_copper_stairs":1,"minecraft:light_blue_stained_glass_pane":1,"minecraft:white_bed":1,"minecraft:red_bed":4,"minecraft:powder_snow":2,"minecraft:crafting_table":4,"minecraft:torch":1,"minecraft:calcite":5,"minecraft:rose_bush":1,"minecraft:tall_grass":43,"minecraft:cobblestone":9,"minecraft:spruce_leaves":7,"minecraft:oak_planks":12,"minecraft:cracked_deepslate_bricks":1,"minecraft:spawner":4,"minecraft:large_fern":2,"minecraft:skeleton_skull":1,"minecraft:black_stained_glass_pane":2,"minecraft:tall_seagrass":2,"minecraft:carrots":2,"minecraft:wheat":3,"minecraft:black_wall_banner":1,"minecraft:green_terracotta":3,"minecraft:stripped_spruce_log":1,"minecraft:white_wall_banner":1,"minecraft:gold_block":1,"minecraft:grass":49,"minecraft:oak_log":8,"minecraft:bamboo":1,"minecraft:stone":16,"minecraft:tripwire":1,"minecraft:player_head":5,"minecraft:oak_leaves":23},"minecraft:picked_up":{"minecraft:crafting_table":4,"minecraft:wheat":2,"minecraft:leather":4,"minecraft:gold_block":1,"minecraft:oak_log":8,"minecraft:gray_concrete":6,"minecraft:red_bed":4,"minecraft:white_banner":3,"minecraft:armor_stand":12,"minecraft:bone":1,"minecraft:apple":1,"minecraft:wheat_seeds":26,"minecraft:beef":5,"minecraft:stone_pickaxe":1,"minecraft:iron_ingot":6,"minecraft:player_head":5,"minecraft:poppy":3,"minecraft:bamboo":9,"minecraft:iron_sword":1,"minecraft:oak_planks":20,"minecraft:torch":1,"minecraft:dandelion":1,"minecraft:porkchop":4,"minecraft:spruce_sapling":1,"minecraft:stripped_spruce_log":2,"minecraft:cookie":3,"minecraft:green_terracotta":3,"minecraft:waxed_cut_copper_stairs":2,"minecraft:arrow":11,"minecraft:rotten_flesh":6,"minecraft:iron_helmet":5,"minecraft:painting":1,"minecraft:bread":1,"minecraft:saddle":1,"minecraft:black_banner":1,"minecraft:skeleton_skull":1,"minecraft:cobblestone":29},"minecraft:used":{"minecraft:beetroot":1,"minecraft:stone_sword":24,"minecraft:armor_stand":1,"minecraft:stone_pickaxe":30,"minecraft:poppy":2,"minecraft:oak_planks":19,"minecraft:wooden_pickaxe":11,"minecraft:shield":2,"minecraft:iron_sword":203,"minecraft:green_terracotta":3,"minecraft:torch":5,"minecraft:tnt":16,"minecraft:crafting_table":4,"minecraft:red_bed":4,"minecraft:crossbow":1,"minecraft:diamond_helmet":1,"minecraft:axolotl_bucket":1,"minecraft:apple":52,"minecraft:melon_slice":2,"minecraft:iron_pickaxe":28,"minecraft:bamboo":9,"minecraft:stone_axe":83,"minecraft:diamond_sword":49,"minecraft:cobblestone":76,"minecraft:bow":21,"minecraft:furnace":1,"minecraft:porkchop":2,"minecraft:bucket":1,"minecraft:egg":27,"bagofholding:leather_bag_of_holding":1,"minecraft:cobweb":2},"minecraft:crafted":{"minecraft:oak_planks":32,"minecraft:diamond_sword":1,"minecraft:emerald":9,"minecraft:crafting_table":1,"minecraft:wooden_pickaxe":1,"minecraft:iron_sword":1,"minecraft:furnace":1,"minecraft:stone_axe":1,"minecraft:golden_apple":1,"minecraft:shield":1,"minecraft:stick":8,"minecraft:stone_pickaxe":1,"minecraft:stone_sword":1,"minecraft:torch":28},"minecraft:dropped":{"minecraft:iron_ingot":22,"minecraft:iron_sword":2,"minecraft:waxed_cut_copper_stairs":2,"minecraft:porkchop":2,"minecraft:wheat_seeds":16,"minecraft:player_head":1,"minecraft:cooked_porkchop":1,"minecraft:wheat":2,"minecraft:cookie":6,"minecraft:iron_helmet":6,"minecraft:rotten_flesh":6,"minecraft:leather":4,"minecraft:apple":29,"minecraft:emerald":2,"minecraft:wooden_pickaxe":1,"minecraft:dandelion":1,"minecraft:spruce_sapling":1,"minecraft:bone":1,"minecraft:gold_ingot":1,"minecraft:armor_stand":11},"minecraft:killed":{"minecraft:husk":12,"minecraft:pig":2,"endofherobrine:villager":1,"minecraft:iron_golem":2,"minecraft:ravager":1,"minecraft:frog":4,"minecraft:creeper":3,"minecraft:skeleton":18,"minecraft:pillager":3,"minecraft:zombie":5,"minecraft:chicken":4,"minecraft:villager":6,"minecraft:cow":2}},"DataVersion":3465}