{"stats":{"minecraft:picked_up":{"minecraft:crafting_table":4,"minecraft:wheat":2,"minecraft:gold_block":1,"minecraft:oak_log":8,"minecraft:red_bed":4,"minecraft:white_banner":1,"minecraft:armor_stand":12,"minecraft:bone":1,"minecraft:apple":1,"minecraft:wheat_seeds":6,"minecraft:stone_pickaxe":1,"minecraft:iron_ingot":3,"minecraft:player_head":5,"minecraft:bamboo":9,"minecraft:poppy":3,"minecraft:iron_sword":1,"minecraft:oak_planks":19,"minecraft:torch":1,"minecraft:dandelion":1,"minecraft:porkchop":4,"minecraft:stripped_spruce_log":2,"minecraft:spruce_sapling":1,"minecraft:cookie":3,"minecraft:green_terracotta":3,"minecraft:waxed_cut_copper_stairs":2,"minecraft:arrow":9,"minecraft:rotten_flesh":6,"minecraft:iron_helmet":5,"minecraft:painting":1,"minecraft:black_banner":1,"minecraft:skeleton_skull":1,"minecraft:cobblestone":29},"minecraft:killed":{"minecraft:husk":12,"minecraft:pig":2,"minecraft:iron_golem":1,"minecraft:frog":4,"minecraft:creeper":3,"minecraft:skeleton":16,"minecraft:zombie":4,"minecraft:chicken":4,"minecraft:villager":6},"minecraft:crafted":{"minecraft:oak_planks":32,"minecraft:emerald":9,"minecraft:crafting_table":1,"minecraft:wooden_pickaxe":1,"minecraft:iron_sword":1,"minecraft:furnace":1,"minecraft:stone_axe":1,"minecraft:golden_apple":1,"minecraft:shield":1,"minecraft:stick":8,"minecraft:stone_pickaxe":1,"minecraft:stone_sword":1,"minecraft:torch":28},"minecraft:mined":{"minecraft:waxed_cut_copper_stairs":1,"minecraft:white_bed":1,"minecraft:red_bed":4,"minecraft:powder_snow":2,"minecraft:crafting_table":4,"minecraft:torch":1,"minecraft:calcite":5,"minecraft:rose_bush":1,"minecraft:cracked_deepslate_bricks":1,"minecraft:tall_grass":10,"minecraft:cobblestone":9,"minecraft:spruce_leaves":6,"minecraft:oak_planks":12,"minecraft:spawner":2,"minecraft:skeleton_skull":1,"minecraft:large_fern":2,"minecraft:tall_seagrass":2,"minecraft:black_stained_glass_pane":2,"minecraft:wheat":2,"minecraft:black_wall_banner":1,"minecraft:green_terracotta":3,"minecraft:stripped_spruce_log":1,"minecraft:white_wall_banner":1,"minecraft:gold_block":1,"minecraft:grass":12,"minecraft:oak_log":8,"minecraft:bamboo":1,"minecraft:stone":16,"minecraft:player_head":5,"minecraft:oak_leaves":19},"minecraft:killed_by":{"minecraft:skeleton":1,"minecraft:zombie":1},"minecraft:used":{"minecraft:beetroot":1,"minecraft:stone_sword":24,"minecraft:armor_stand":1,"minecraft:stone_pickaxe":30,"minecraft:oak_planks":19,"minecraft:poppy":2,"minecraft:shield":2,"minecraft:wooden_pickaxe":11,"minecraft:iron_sword":159,"minecraft:green_terracotta":2,"minecraft:torch":2,"minecraft:crafting_table":4,"minecraft:red_bed":4,"minecraft:diamond_helmet":1,"minecraft:crossbow":1,"minecraft:axolotl_bucket":1,"minecraft:apple":32,"minecraft:melon_slice":2,"minecraft:iron_pickaxe":26,"minecraft:bamboo":9,"minecraft:stone_axe":76,"minecraft:cobblestone":45,"minecraft:bow":15,"minecraft:furnace":1,"minecraft:porkchop":2,"minecraft:bucket":1,"minecraft:egg":27,"bagofholding:leather_bag_of_holding":1,"minecraft:cobweb":2},"minecraft:custom":{"minecraft:mob_kills":54,"minecraft:traded_with_villager":1,"minecraft:interact_with_crafting_table":10,"minecraft:tune_noteblock":1,"minecraft:open_barrel":19,"minecraft:bell_ring":14,"minecraft:damage_dealt_resisted":144,"minecraft:eat_cake_slice":1,"minecraft:leave_game":5,"minecraft:time_since_death":1572,"minecraft:sleep_in_bed":2,"minecraft:climb_one_cm":7468,"minecraft:damage_resisted":10,"minecraft:time_since_rest":1597,"minecraft:sprint_one_cm":147363,"minecraft:damage_taken":1749,"minecraft:walk_one_cm":377647,"minecraft:damage_blocked_by_shield":60,"minecraft:drop":27,"minecraft:damage_dealt":12064,"minecraft:player_kills":1,"minecraft:swim_one_cm":48812,"minecraft:talked_to_villager":5,"minecraft:target_hit":1,"minecraft:fly_one_cm":371912,"minecraft:open_chest":51,"minecraft:crouch_one_cm":5955,"minecraft:play_time":125826,"minecraft:deaths":3,"minecraft:sneak_time":5018,"minecraft:walk_under_water_one_cm":17686,"minecraft:jump":1505,"minecraft:walk_on_water_one_cm":20331,"minecraft:total_world_time":125826,"minecraft:fall_one_cm":36626},"minecraft:dropped":{"minecraft:iron_sword":1,"minecraft:waxed_cut_copper_stairs":2,"minecraft:porkchop":2,"minecraft:wheat_seeds":6,"minecraft:player_head":1,"minecraft:cooked_porkchop":1,"minecraft:wheat":2,"minecraft:cookie":6,"minecraft:iron_helmet":6,"minecraft:rotten_flesh":6,"minecraft:emerald":2,"minecraft:wooden_pickaxe":1,"minecraft:gold_ingot":1,"minecraft:spruce_sapling":1,"minecraft:bone":1,"minecraft:armor_stand":11}},"DataVersion":3465}